# Catalog Locus ID	Cnt	Bear_Paw_1	Bear_Paw_2	Bear_Paw_3	Bear_Paw_4	Bear_Paw_5	Bear_Paw_6	Bear_Paw_7	Bear_Paw_8	Rabbit_Slough_1	Rabbit_Slough_2	Rabbit_Slough_3	Rabbit_Slough_4	Rabbit_Slough_5	Rabbit_Slough_6	Rabbit_Slough_7	Rabbit_Slough_8
4	16	/	/	/	/	/	/	/	/	/	/	/	/	/	/	/	/
8	16	/	/	/	/	/	/	/	/	/	/	/	/	/	/	/	/
52	16	consensus	consensus	consensus	consensus	consensus	consensus	consensus	consensus	consensus	consensus	consensus	consensus	consensus	consensus	consensus	consensus
91	12	C/G	C/G	C/G	C/G	G/G	-	G/G	-	G/G	-	G/G	G/G	G/G	G/G	-	G/G
157	14	consensus	-	consensus	consensus	consensus	consensus	consensus	consensus	consensus	consensus	consensus	consensus	consensus	consensus	consensus	-
222	13	/	/	/	/	/	-	/	/	/	-	/	-	/	/	/	/
279	15	C/G	N/N	C/G	G/G	G/G	C/G	C/G	G/G	C/G	G/G	G/G	G/G	C/G	C/G	G/G	-
294	14	C/T	T/T	-	T/T	C/T	C/T	T/T	C/T	T/T	T/T	T/T	T/T	T/T	T/T	-	T/T
457	12	consensus	consensus	consensus	consensus	-	consensus	-	consensus	consensus	consensus	-	consensus	-	consensus	consensus	consensus
477	15	consensus	consensus	consensus	consensus	consensus	consensus	consensus	consensus	consensus	-	consensus	consensus	consensus	consensus	consensus	consensus
487	14	/	-	/	/	/	/	/	/	-	/	/	/	/	/	/	/
507	16	/	/	/	/	/	/	/	/	/	/	/	/	/	/	/	/
526	14	C/C	C/C	C/T	N/N	C/C	C/C	C/C	N/N	-	C/C	C/C	-	C/T	C/C	C/C	C/C
529	16	consensus	consensus	consensus	consensus	consensus	consensus	consensus	consensus	consensus	consensus	consensus	consensus	consensus	consensus	consensus	consensus
550	14	consensus	consensus	consensus	consensus	consensus	consensus	consensus	consensus	consensus	-	consensus	consensus	consensus	consensus	consensus	-
556	14	A/G	-	A/G	G/G	G/G	G/G	G/G	A/G	G/G	G/G	G/G	G/G	G/G	-	G/G	G/G
587	16	T/T	T/T	T/T	T/T	N/N	A/T	T/T	A/T	T/T	T/T	T/T	T/T	T/T	T/T	T/T	T/T
623	14	consensus	consensus	consensus	consensus	consensus	consensus	consensus	consensus	-	consensus	consensus	consensus	consensus	-	consensus	consensus
758	15	consensus	consensus	consensus	consensus	-	consensus	consensus	consensus	consensus	consensus	consensus	consensus	consensus	consensus	consensus	consensus
795	15	/	/	/	/	/	/	/	/	/	/	/	/	/	/	-	/
836	16	consensus	consensus	consensus	consensus	consensus	consensus	consensus	consensus	consensus	consensus	consensus	consensus	consensus	consensus	consensus	consensus
842	14	/	-	/	/	/	/	/	/	/	/	/	/	-	/	/	/
891	16	/	/	/	/	/	/	/	/	/	/	/	/	/	/	/	/
898	14	/	/	/	/	/	/	/	/	/	-	/	/	/	/	-	/
905	14	consensus	consensus	consensus	consensus	consensus	consensus	consensus	consensus	consensus	consensus	consensus	consensus	-	-	consensus	consensus
912	16	consensus	consensus	consensus	consensus	consensus	consensus	consensus	consensus	consensus	consensus	consensus	consensus	consensus	consensus	consensus	consensus
934	14	/	/	/	/	/	/	/	/	/	/	/	/	/	-	-	/
941	16	consensus	consensus	consensus	consensus	consensus	consensus	consensus	consensus	consensus	consensus	consensus	consensus	consensus	consensus	consensus	consensus
948	16	consensus	consensus	consensus	consensus	consensus	consensus	consensus	consensus	consensus	consensus	consensus	consensus	consensus	consensus	consensus	consensus
985	16	consensus	consensus	consensus	consensus	consensus	consensus	consensus	consensus	consensus	consensus	consensus	consensus	consensus	consensus	consensus	consensus
995	16	consensus	consensus	consensus	consensus	consensus	consensus	consensus	consensus	consensus	consensus	consensus	consensus	consensus	consensus	consensus	consensus
1052	16	consensus	consensus	consensus	consensus	consensus	consensus	consensus	consensus	consensus	consensus	consensus	consensus	consensus	consensus	consensus	consensus
1074	16	/	/	/	/	/	/	/	/	/	/	/	/	/	/	/	/
1083	15	consensus	consensus	consensus	consensus	consensus	-	consensus	consensus	consensus	consensus	consensus	consensus	consensus	consensus	consensus	consensus
1116	13	/	/	/	/	/	/	-	/	/	/	-	/	/	-	/	/
1157	16	consensus	consensus	consensus	consensus	consensus	consensus	consensus	consensus	consensus	consensus	consensus	consensus	consensus	consensus	consensus	consensus
1174	16	/	/	/	/	/	/	/	/	/	/	/	/	/	/	/	/
1185	16	consensus	consensus	consensus	consensus	consensus	consensus	consensus	consensus	consensus	consensus	consensus	consensus	consensus	consensus	consensus	consensus
1193	16	consensus	consensus	consensus	consensus	consensus	consensus	consensus	consensus	consensus	consensus	consensus	consensus	consensus	consensus	consensus	consensus
1211	14	consensus	consensus	consensus	consensus	consensus	consensus	consensus	consensus	consensus	consensus	consensus	consensus	-	consensus	-	consensus
1228	13	/	-	/	/	/	/	/	/	-	/	/	/	/	/	-	/
1251	13	T/T	C/T	T/T	C/T	C/T	-	T/T	-	C/T	-	T/T	T/T	T/T	C/T	C/T	T/T
1253	16	consensus	consensus	consensus	consensus	consensus	consensus	consensus	consensus	consensus	consensus	consensus	consensus	consensus	consensus	consensus	consensus
1271	13	A/T	A/A	A/A	N/N	A/T	-	A/A	A/A	A/A	-	A/A	-	A/A	A/A	A/A	A/A
1292	16	consensus	consensus	consensus	consensus	consensus	consensus	consensus	consensus	consensus	consensus	consensus	consensus	consensus	consensus	consensus	consensus
1309	14	consensus	consensus	consensus	consensus	consensus	consensus	-	consensus	consensus	consensus	-	consensus	consensus	consensus	consensus	consensus
1340	13	/	/	/	/	-	-	/	/	/	-	/	/	/	/	/	/
1351	12	/	/	/	-	-	/	/	/	/	/	/	/	-	-	/	/
1353	16	C/C	T/C	T/C	T/C	C/C	T/C	C/C	C/C	C/C	T/C	T/C	T/C	T/C	T/C	C/C	T/C
1362	14	consensus	consensus	consensus	consensus	consensus	consensus	consensus	consensus	consensus	-	-	consensus	consensus	consensus	consensus	consensus
1381	16	C/C	A/C	C/C	C/C	C/C	N/N	C/C	A/C	N/N	C/C	C/C	C/C	C/C	C/C	C/C	C/C
1391	14	/	-	/	-	/	/	/	/	/	/	/	/	/	/	/	/
1423	16	consensus	consensus	consensus	consensus	consensus	consensus	consensus	consensus	consensus	consensus	consensus	consensus	consensus	consensus	consensus	consensus
1458	16	consensus	consensus	consensus	consensus	consensus	consensus	consensus	consensus	consensus	consensus	consensus	consensus	consensus	consensus	consensus	consensus
1463	15	/	/	/	/	/	/	/	/	/	/	/	/	-	/	/	/
1477	16	/	/	/	/	/	/	/	/	/	/	/	/	/	/	/	/
1483	12	/	/	/	/	/	-	/	-	-	/	/	/	/	-	/	/
1500	16	consensus	consensus	consensus	consensus	consensus	consensus	consensus	consensus	consensus	consensus	consensus	consensus	consensus	consensus	consensus	consensus
1523	13	consensus	consensus	consensus	consensus	consensus	-	consensus	consensus	consensus	consensus	consensus	consensus	-	consensus	consensus	-
1568	15	consensus	consensus	consensus	consensus	consensus	consensus	consensus	consensus	consensus	-	consensus	consensus	consensus	consensus	consensus	consensus
1608	16	consensus	consensus	consensus	consensus	consensus	consensus	consensus	consensus	consensus	consensus	consensus	consensus	consensus	consensus	consensus	consensus
1658	16	consensus	consensus	consensus	consensus	consensus	consensus	consensus	consensus	consensus	consensus	consensus	consensus	consensus	consensus	consensus	consensus
1672	13	G/G	G/G	G/G	G/G	-	-	G/G	G/G	A/G	A/G	N/N	A/G	A/G	-	G/G	A/G
1679	16	consensus	consensus	consensus	consensus	consensus	consensus	consensus	consensus	consensus	consensus	consensus	consensus	consensus	consensus	consensus	consensus
1732	15	consensus	consensus	consensus	-	consensus	consensus	consensus	consensus	consensus	consensus	consensus	consensus	consensus	consensus	consensus	consensus
1740	16	C/T	C/T	C/T	T/T	N/N	C/T	C/T	C/T	C/T	C/T	C/T	T/T	C/T	N/N	C/T	T/T
1798	15	consensus	consensus	consensus	consensus	consensus	-	consensus	consensus	consensus	consensus	consensus	consensus	consensus	consensus	consensus	consensus
1814	16	consensus	consensus	consensus	consensus	consensus	consensus	consensus	consensus	consensus	consensus	consensus	consensus	consensus	consensus	consensus	consensus
1848	16	consensus	consensus	consensus	consensus	consensus	consensus	consensus	consensus	consensus	consensus	consensus	consensus	consensus	consensus	consensus	consensus
1866	13	C/C	-	C/T	C/C	C/C	C/C	C/T	C/C	C/C	C/C	C/C	C/C	C/C	-	-	C/C
1875	16	/	/	/	/	/	/	/	/	/	/	/	/	/	/	/	/
1986	13	/	-	/	-	/	/	/	/	/	/	/	/	-	/	/	/
2027	16	A/C	A/C	C/C	A/C	A/C	C/C	C/C	A/C	C/C	C/C	C/C	C/C	C/C	C/C	C/C	C/C
2079	14	consensus	-	consensus	consensus	consensus	consensus	consensus	consensus	consensus	-	consensus	consensus	consensus	consensus	consensus	consensus
2135	14	consensus	consensus	consensus	consensus	consensus	consensus	consensus	consensus	consensus	-	consensus	consensus	consensus	-	consensus	consensus
2236	13	consensus	-	consensus	consensus	consensus	consensus	consensus	consensus	consensus	consensus	consensus	-	consensus	-	consensus	consensus
2249	12	consensus	consensus	-	consensus	-	consensus	consensus	consensus	consensus	consensus	consensus	consensus	-	consensus	consensus	-
2259	13	consensus	-	consensus	consensus	consensus	consensus	consensus	-	consensus	consensus	-	consensus	consensus	consensus	consensus	consensus
2353	13	/	/	/	/	/	-	/	/	/	-	/	/	/	/	-	/
2371	15	consensus	consensus	-	consensus	consensus	consensus	consensus	consensus	consensus	consensus	consensus	consensus	consensus	consensus	consensus	consensus
2383	15	consensus	consensus	consensus	consensus	consensus	-	consensus	consensus	consensus	consensus	consensus	consensus	consensus	consensus	consensus	consensus
2410	16	consensus	consensus	consensus	consensus	consensus	consensus	consensus	consensus	consensus	consensus	consensus	consensus	consensus	consensus	consensus	consensus
2522	16	consensus	consensus	consensus	consensus	consensus	consensus	consensus	consensus	consensus	consensus	consensus	consensus	consensus	consensus	consensus	consensus
2617	14	/	/	/	/	/	/	/	/	/	-	/	-	/	/	/	/
2684	15	consensus	consensus	consensus	consensus	-	consensus	consensus	consensus	consensus	consensus	consensus	consensus	consensus	consensus	consensus	consensus
2792	13	consensus	consensus	consensus	consensus	-	consensus	consensus	-	consensus	consensus	-	consensus	consensus	consensus	consensus	consensus
2834	13	consensus	consensus	-	consensus	-	consensus	consensus	consensus	consensus	consensus	-	consensus	consensus	consensus	consensus	consensus
2878	16	consensus	consensus	consensus	consensus	consensus	consensus	consensus	consensus	consensus	consensus	consensus	consensus	consensus	consensus	consensus	consensus
2885	14	consensus	consensus	consensus	consensus	consensus	consensus	consensus	consensus	consensus	consensus	consensus	consensus	-	consensus	consensus	-
2911	16	consensus	consensus	consensus	consensus	consensus	consensus	consensus	consensus	consensus	consensus	consensus	consensus	consensus	consensus	consensus	consensus
3029	16	consensus	consensus	consensus	consensus	consensus	consensus	consensus	consensus	consensus	consensus	consensus	consensus	consensus	consensus	consensus	consensus
3165	14	consensus	consensus	consensus	consensus	-	consensus	consensus	consensus	consensus	consensus	consensus	-	consensus	consensus	consensus	consensus
3167	15	N/N	A/T	A/T	T/T	A/T	A/T	A/T	-	A/A	A/A	A/A	A/A	A/A	A/A	A/A	A/A
3183	15	consensus	consensus	-	consensus	consensus	consensus	consensus	consensus	consensus	consensus	consensus	consensus	consensus	consensus	consensus	consensus
3195	16	consensus	consensus	consensus	consensus	consensus	consensus	consensus	consensus	consensus	consensus	consensus	consensus	consensus	consensus	consensus	consensus
3197	14	consensus	consensus	consensus	consensus	consensus	consensus	consensus	consensus	-	consensus	consensus	consensus	consensus	consensus	-	consensus
3225	14	consensus	consensus	consensus	consensus	consensus	consensus	-	consensus	-	consensus	consensus	consensus	consensus	consensus	consensus	consensus
3262	15	consensus	consensus	consensus	consensus	consensus	consensus	consensus	consensus	consensus	consensus	consensus	consensus	consensus	-	consensus	consensus
3332	15	consensus	consensus	-	consensus	consensus	consensus	consensus	consensus	consensus	consensus	consensus	consensus	consensus	consensus	consensus	consensus
3380	16	consensus	consensus	consensus	consensus	consensus	consensus	consensus	consensus	consensus	consensus	consensus	consensus	consensus	consensus	consensus	consensus
3382	14	/	/	/	/	/	-	/	/	/	/	/	/	/	-	/	/
3439	16	consensus	consensus	consensus	consensus	consensus	consensus	consensus	consensus	consensus	consensus	consensus	consensus	consensus	consensus	consensus	consensus
3886	13	-	C/T	C/T	C/T	T/T	C/T	T/T	T/T	-	-	C/T	C/T	C/T	C/T	C/T	C/T
3925	14	-	consensus	consensus	consensus	consensus	consensus	consensus	consensus	consensus	consensus	consensus	-	consensus	consensus	consensus	consensus
4170	13	-	C/C	C/C	C/C	C/C	C/C	C/C	C/C	A/C	-	C/C	A/C	C/C	-	C/C	C/C
4423	12	-	/	/	/	/	/	-	/	/	/	/	-	/	/	/	-
5163	15	-	consensus	consensus	consensus	consensus	consensus	consensus	consensus	consensus	consensus	consensus	consensus	consensus	consensus	consensus	consensus
5701	13	-	G/T	-	G/T	G/G	G/G	G/G	G/T	G/G	G/G	G/T	G/T	-	G/T	G/T	G/T
5708	12	-	/	/	-	/	/	/	/	/	/	/	/	-	/	-	/
5791	14	-	consensus	consensus	consensus	-	consensus	consensus	consensus	consensus	consensus	consensus	consensus	consensus	consensus	consensus	consensus
5797	14	-	/	/	-	/	/	/	/	/	/	/	/	/	/	/	/
5831	15	-	/	/	/	/	/	/	/	/	/	/	/	/	/	/	/
5893	14	-	consensus	consensus	consensus	-	consensus	consensus	consensus	consensus	consensus	consensus	consensus	consensus	consensus	consensus	consensus
7033	13	-	-	consensus	consensus	consensus	consensus	consensus	consensus	consensus	consensus	consensus	-	consensus	consensus	consensus	consensus
8001	12	-	-	C/C	A/C	A/C	A/C	A/C	C/C	-	A/C	C/C	C/C	C/C	A/C	A/C	-
12421	14	consensus	-	consensus	consensus	consensus	consensus	consensus	consensus	consensus	consensus	consensus	-	consensus	consensus	consensus	consensus
